conceptType,conceptUri,preferredLabel,status,altLabels,description,broaderConceptUri,broaderConceptPT
Occupation,http://data.europa.eu/esco/occupation/01ffb917-98dc-48c1-91ad-93c4104e791d,biomedicínský inženýr/biomedicínská inženýrka,released,biomedicínská inženýrka | biomedicínský inženýr,"Biomedicínští inženýři využívají znalosti o technických zásadách a biologických zjištěních k rozvoji lékařské péče, léků a pro obecné zdravotnické účely. Mohou vyvíjet řešení, která sahají od zlepšení složek běžných léků až po vývoj implantátů a ošetření tkání.",http://data.europa.eu/esco/occupation/f9433fdb-dde1-46cf-9e91-b49d243946a7,bioinženýr/bioinženýrka
Occupation,http://data.europa.eu/esco/occupation/0611f232-b30e-46c7-9c26-2d59b1448e79,kriminolog/kriminoložka,released,kriminolog | kriminoložka,"Kriminologové studují podmínky týkající se lidí, jako jsou sociální a psychologické aspekty, které by je mohly vést k páchání trestných činů. Provádějí pozorování a analýzu různých faktorů sahajících od behaviorálních podmínek až po sociální pozadí a prostředí podezřelých s cílem poskytovat organizacím poradenství v oblasti předcházení trestné činnosti.",http://data.europa.eu/esco/isco/C2632,"Sociologové, antropologové a specialisté v příbuzných oborech"
Occupation,http://data.europa.eu/esco/occupation/0959cd1d-f6c8-4362-939a-ad7d5f75d659,přednášející v oboru ekonomie,released,,"Přednášející v oboru ekonomie jsou profesoři, asistenti profesorů, učitelé, přednášející, asistenti přednášejících a mentoři, kteří vyučují studenty ve své specializaci, ekonomii. Vypracovávají učební osnovy, připravují vyučování (přednášky, praktické kurzy, semináře, cvičení atd.), sledují studijní výsledky a dohlížejí na pokrok studentů ve studiu. Provádějí akademický výzkum v oboru ekonomie a prezentují svá zjištění na konferencích a v publikacích. Jsou zapojeni do některých funkcí řízení vysokých škol.",http://data.europa.eu/esco/occupation/684fd8d5-9b40-4b02-a680-438f0082d923,vysokoškolský učitel/vysokoškolská učitelka
Occupation,http://data.europa.eu/esco/occupation/0bf5d25a-2b4d-43b5-b053-beeb210fa43a,přednášející v oboru lékařství,released,,"Přednášející v oboru lékařství jsou profesoři, učitelé nebo přednášející a často lékaři vyučující studenty, kteří získali diplom vyššího sekundárního vzdělání, ve specializovaném studijním oboru lékařství, jenž má převážně akademickou povahu. Spolupracují s odbornými asistenty zaměřenými na výzkum či výuku při přípravě přednášek a zkoušek, známkování testů a zkoušek, vedení laboratorních cvičení a vedení pohovorů zaměřených na hodnocení a zpětnou vazbu pro studenty. Provádějí rovněž akademický výzkum ve své lékařské specializaci, zveřejňují svá zjištění a spolupracují s ostatními vysokoškolskými kolegy.",http://data.europa.eu/esco/occupation/684fd8d5-9b40-4b02-a680-438f0082d923,vysokoškolský učitel/vysokoškolská učitelka
Occupation,http://data.europa.eu/esco/occupation/0c7c9606-fde3-4658-8136-8fe0c9b8bd09,inženýr se specializací na zdravotnické prostředky/inženýrka se specializací na zdravotnické prostředky,released,inženýr se specializací na zdravotnické prostředky | inženýrka se specializací na zdravotnické prostředky,"Inženýři se specializací na zdravotnické prostředky navrhují a vyvíjejí zdravotnické systémy, zařízení a přístroje, jako jsou kardiostimulátory, skenery pro magnetickou rezonanci a rentgenové přístroje. Sledují celý výrobní proces od návrhu koncepce až po činnosti zavedení výrobku. Prováděné činnosti zahrnují mimo jiné navrhování zlepšení výrobků, vyvíjení metod a technik pro vyhodnocení vhodnosti návrhu, koordinaci počáteční výroby, vývoj zkušebních postupů a navrhování výrobních schémat.",http://data.europa.eu/esco/occupation/4d34a9ee-2653-4da0-bef7-f59294577224,inženýr elektroniky/inženýrka elektroniky
Occupation,http://data.europa.eu/esco/occupation/0cd729a6-ed11-4338-ac4b-d4b924390128,historik/historička,released,historik | historička,"Historikové zkoumají, analyzují, interpretují a prezentují minulost lidských společností. Analyzují dokumenty, zdroje a stopy z minulosti s cílem porozumět dávným společnostem.",http://data.europa.eu/esco/isco/C2633,"Filozofové, historici a politologové"
Occupation,http://data.europa.eu/esco/occupation/0d93706d-32fd-4de3-aa08-be1003e325da,chemik/chemička,released,chemik | chemička,"Chemici provádějí laboratorní výzkum, testují a analyzují chemickou strukturu látek. Převádějí vědecké výsledky na procesy průmyslové výroby, které se dále využívají ve vývoji nebo zlepšování výrobků. Chemici rovněž testují kvalitu výrobků a jejich dopad na životní prostředí.",http://data.europa.eu/esco/isco/C2113,Chemici (kromě chemického inženýrství)
Occupation,http://data.europa.eu/esco/occupation/10291962-c0c7-4e5b-a7ed-0762b4d9b010,farmakolog/farmakoložka,released,farmakolog | farmakoložka,"Farmakologové zkoumají způsob, jakým léčiva a léky ovlivňují organismy, živé systémy a jejich části (tj. buňky, tkáně nebo orgány). Cílem jejich výzkumu je identifikovat látky, které může člověk konzumovat a které mají odpovídající biochemické účinky v rámci léčby nemocí.",http://data.europa.eu/esco/isco/C2131,"Biologové, botanici, zoologové a specialisté v příbuzných oborech"
Occupation,http://data.europa.eu/esco/occupation/116b4c55-5bd0-41e9-9227-98d7ecffeaf6,přednášející v oboru sociologie,released,,"Přednášející v oboru sociologie jsou profesoři, učitelé nebo přednášející vyučující studenty, kteří získali diplom vyššího sekundárního vzdělání, ve specializovaném studijním oboru sociologie, jenž má převážně akademickou povahu. Spolupracují s odbornými asistenty zaměřenými na výzkum či výuku při přípravě přednášek a zkoušek, známkování testů a zkoušek a vedení pohovorů zaměřených na hodnocení a zpětnou vazbu pro studenty. Provádějí rovněž akademický výzkum v oboru sociologie, zveřejňují svá zjištění a spolupracují s ostatními vysokoškolskými kolegy.",http://data.europa.eu/esco/occupation/684fd8d5-9b40-4b02-a680-438f0082d923,vysokoškolský učitel/vysokoškolská učitelka
Occupation,http://data.europa.eu/esco/occupation/11a6d0f6-e692-4774-aa5f-193b67d31022,kineziolog/kinezioložka,released,kinezioložka | kineziolog,"Kineziologové zkoumají pohyby těla, svaly a části těla a provádějí související výzkum. Analyzují vědecké údaje a metody a využívají je ke zlepšení pohybu těla, obecně u člověka, a to prostřednictvím pochopení takových oborů, jako je fyziologie, kinetika, neurologie a biologie. Rozpoznávají účinky, které mají některé faktory při pohybu, jako je například tělesná kondice, a vypracovávají řešení pro zlepšení celkové mechaniky a pohyblivosti.",http://data.europa.eu/esco/isco/C2269,Specialisté v oblasti zdravotnictví jinde neuvedení
Occupation,http://data.europa.eu/esco/occupation/11b6390b-1e48-4903-a5df-d3e04b451a19,chemik v oblasti kosmetických výrobků/chemička v oblasti kosmetických výrobků,released,chemička v oblasti kosmetických výrobků | chemik v oblasti kosmetických výrobků,"Chemici v oblasti kosmetických výrobků vypracovávají receptury s cílem vytvořit a testovat nové kosmetické výrobky a zlepšit stávající, jako jsou parfémy a vůně, rtěnky, voděodolná pleťová mléka a líčidla, přípravky na barvení vlasů, mýdla a detergenty se speciálními vlastnostmi, lokální léky nebo potravinové doplňky.",http://data.europa.eu/esco/occupation/0d93706d-32fd-4de3-aa08-be1003e325da,chemik/chemička
Occupation,http://data.europa.eu/esco/occupation/11d72bd6-779a-4643-9962-313833740094,vědecký pracovník v oblasti životního prostředí,released,inženýrka chemie pro environment | chemický technik pro environment | inženýr chemie pro environment | chemická technička pro environment | inženýr ochrany životního prostředí | inženýrka ochrany životního prostředí,"Vědečtí pracovníci v oblasti životního prostředí identifikují problémy a hledají řešení s cílem minimalizovat rizika pro životní prostředí tak, že provádějí analýzu vzorků, jako je vzduch, voda nebo půda. Poskytují poradenství ohledně politik v oblasti životního prostředí nebo je vypracovávají a zaměřují se na zlepšení ochrany zásobování vodou a na správu skládek. Vědečtí pracovníci v oblasti životního prostředí provádějí hodnocení rizik pro životní prostředí, analyzují environmentální dopad nových řešení, stavenišť nebo změn životního prostředí a zajišťují dodržování právních předpisů v oblasti životního prostředí.",http://data.europa.eu/esco/isco/C2133,Specialisté v oblasti ochrany životního prostředí (kromě průmyslové ekologie)
Occupation,http://data.europa.eu/esco/occupation/11df8941-508c-4103-ad40-52cdf9430a59,sociolog/socioložka,released,sociolog | socioložka,"Sociologové zaměřují svůj výzkum na vysvětlení sociálního chování a způsobu, jakým se lidé organizují jako společnost. Zkoumají a osvětlují způsob, jakým se společnosti vyvíjejí, a to tím, že popisují jejich právní, politické a ekonomické systémy a jejich kulturní projevy.",http://data.europa.eu/esco/isco/C2632,"Sociologové, antropologové a specialisté v příbuzných oborech"
Occupation,http://data.europa.eu/esco/occupation/1738173e-ef9c-4222-88c8-b6aa9bad3cf7,biofyzik/biofyzička,released,biotechnoložka | biofyzik | biotechnolog | biofyzyčka,"Biofyzici zkoumají existující vztah mezi živými organismy a fyzikou. Provádějí výzkum živých organismů na základě fyzikálních metod, jejichž cílem je vysvětlit složitost života, předvídat vzorce a vyvozovat závěry o aspektech života. Oblasti výzkumu biofyziků zahrnují DNA, proteiny, molekuly, buňky a prostředí.",http://data.europa.eu/esco/occupation/eee68e13-8248-43bb-a9fb-959832a6c217,biolog/bioložka
Occupation,http://data.europa.eu/esco/occupation/19db5ad1-ffbf-41a0-8746-d3878f0d5dbd,vědecký pracovník v oboru médií/vědecká pracovnice v oboru médií,released,vědecká pracovnice v oboru médií | výzkumný pracovník v oboru médií | vědecký pracovník v oboru médií | výzkumná pracovnice v oboru médií,"Vědečtí pracovníci v oboru médií zkoumají úlohu a dopad sdělovacích prostředků na společnost. Pozorují a dokumentují používání různých druhů sdělovacích prostředků, jako jsou noviny, rozhlas a televize, a reakce společnosti.",http://data.europa.eu/esco/occupation/acf69cab-8629-45c8-ae10-c8fb15f474b6,antropolog/antropoložka
Occupation,http://data.europa.eu/esco/occupation/1bbaf82c-67ae-4beb-9a55-7298acf5b2af,přednášející v oboru ošetřovatelství,released,,"Přednášející v oboru ošetřovatelství jsou profesoři, učitelé nebo přednášející a často lékaři vyučující studenty, kteří získali diplom vyššího sekundárního vzdělání, ve specializovaném studijním oboru ošetřovatelství, jenž má převážně akademickou povahu. Spolupracují s odbornými asistenty zaměřenými na výzkum či výuku při přípravě přednášek a zkoušek, známkování testů a zkoušek, vedení laboratorních cvičení a vedení pohovorů zaměřených na hodnocení a zpětnou vazbu pro studenty. Provádějí rovněž akademický výzkum ve své specializaci ošetřovatelství, zveřejňují svá zjištění a spolupracují s ostatními vysokoškolskými kolegy.",http://data.europa.eu/esco/occupation/684fd8d5-9b40-4b02-a680-438f0082d923,vysokoškolský učitel/vysokoškolská učitelka
Occupation,http://data.europa.eu/esco/occupation/1c862e14-80f8-4aa8-8f1c-fd2ca95b63ad,meteorolog/meteoroložka,released,meteorolog | meteoroložka,"Meteorologové zkoumají klimatické procesy, měří a předpovídají povětrnostní podmínky a poskytují poradenské služby různým uživatelům informací o počasí. Vypracovávají modely pro předpověď počasí, vyvíjejí nástroje pro shromažďování meteorologických údajů a sestavují statistiky a databáze.",http://data.europa.eu/esco/isco/C2112,Meteorologové
Occupation,http://data.europa.eu/esco/occupation/2026adb2-62d7-4b92-9ccb-105abdebe37d,inženýr v oboru elektromagnetiky/inženýrka v oboru elektromagnetiky,released,inženýrka v oboru elektromagnetiky | specialista na elektromagnetické technologie | specialistka na elektromagnetické technologie | inženýr v oboru elektromagnetiky,"Inženýři v oboru elektromagnetiky navrhují a vyvíjejí elektromagnetické systémy, zařízení a součásti, jako jsou elektromagnety v reproduktorech, elektromagnetické zámky, vedení magnetů v přístrojích pro magnetickou rezonanci a magnetů v elektromotorech.",http://data.europa.eu/esco/occupation/86ca306c-ab99-420a-9e2a-aa73c5c4de22,elektroinženýr/elektroinženýrka
Occupation,http://data.europa.eu/esco/occupation/203ea2ee-bbee-4aaf-83d7-2f2225f916e3,archeolog/archeoložka,released,archeolog | archeoložka,"Archeologové zkoumají a studují staré civilizace a osídlení prostřednictvím sběru a výzkumu materiálních pozůstatků. Analyzují a vyvozují závěry ohledně široké škály otázek, jako jsou systémy hierarchie, jazykověda, kultura a politika, na základě studie předmětů, budov, fosilních zdrojů, reliktů a artefaktů, které tyto národy zanechávají. Archeologové využívají různé interdisciplinární metody, jako je stratigrafie, typologie, 3D analýza, matematika a modelování.",http://data.europa.eu/esco/isco/C2632,"Sociologové, antropologové a specialisté v příbuzných oborech"
Occupation,http://data.europa.eu/esco/occupation/25829508-63f3-41c3-affc-ddbb5c077930,fyziolog/fyzioložka,released,fyziolog | fyzioložka,"Fyziologové zkoumají a provádějí výzkum v oblasti fungování různých živých organismů, částí, ze kterých se skládají, a jejich interakcí. Rozumějí tomu, jak živé systémy reagují na takové faktory, jako jsou nemoci, fyzická aktivita a stres, a využívají tyto informace k vývoji metod a řešení pro vyrovnání se s vlivem těchto podnětů na živé organismy.",http://data.europa.eu/esco/occupation/eee68e13-8248-43bb-a9fb-959832a6c217,biolog/bioložka
Occupation,http://data.europa.eu/esco/occupation/258e46f9-0075-4a2e-adae-1ff0477e0f30,datový vědec/datová vědkyně,released,datový vědec | vědecká pracovnice pro zpracování dat | vědecký pracovník pro zpracování dat | datová vědkyně,"Vědci v oblasti dat vyhledávají a interpretují bohaté zdroje dat, spravují velké množství údajů, slučují zdroje dat, zajišťují konzistentnost datových sad a vytvářejí vizualizaci za účelem lepšího pochopení dat. Vytvářejí matematické modely s využitím údajů, prezentují a sdělují poznatky a zjištění odborníkům a vědcům v jejich týmu a v případě potřeby neodbornému publiku a doporučují způsoby, jak údaje použít.",http://data.europa.eu/esco/isco/C2511,Systémoví analytici
Occupation,http://data.europa.eu/esco/occupation/30058b71-fe16-45ea-a2b8-d5461c706372,pedagogický pracovník v oboru podnikové ekonomiky/pedagogická pracovnice v oboru podnikové ekonomiky,released,docent podnikové ekonomiky | pedagogický pracovník v oboru podnikové ekonomiky | docentka podnikové ekonomiky | pedagogická pracovnice v oboru podnikové ekonomiky | profesorka podnikové ekonomiky | profesor podnikové ekonomiky,"Pedagogičtí pracovníci v oboru podnikové ekonomiky jsou profesoři, učitelé nebo přednášející vyučující studenty, kteří získali diplom vyššího sekundárního vzdělání, ve specializovaném studijním oboru podniková ekonomika, jenž má převážně akademickou povahu. Spolupracují s odbornými asistenty zaměřenými na výzkum či výuku při přípravě přednášek a zkoušek, známkování testů a zkoušek a vedení pohovorů zaměřených na hodnocení a zpětnou vazbu pro studenty. Provádějí rovněž akademický výzkum v oboru podnikové ekonomiky, zveřejňují svá zjištění a spolupracují s ostatními vysokoškolskými kolegy.",http://data.europa.eu/esco/occupation/684fd8d5-9b40-4b02-a680-438f0082d923,vysokoškolský učitel/vysokoškolská učitelka
Occupation,http://data.europa.eu/esco/occupation/306e9867-cf55-446f-88c6-8adad5369f8c,přednášející v oborech věd o Zemi,released,přednášející v oboru geodézie | přednášející v oboru hydrologie | přednášející v oboru meteorologie | přednášející v oboru georgrafie | přednášející v oboru kartografie | přednášející v oboru geologie | přednášející v oboru klimatologie,"Přednášející v oborech věd o Zemi jsou profesoři, učitelé nebo přednášející vyučující studenty, kteří získali diplom vyššího sekundárního vzdělání, ve specializovaném studijním oboru vědy o Zemi, jenž má převážně akademickou povahu. Spolupracují s odbornými asistenty zaměřenými na výzkum či výuku při přípravě přednášek a zkoušek, známkování testů a zkoušek a vedení pohovorů zaměřených na hodnocení a zpětnou vazbu pro studenty. Provádějí rovněž akademický výzkum v oboru věd o Zemi, zveřejňují svá zjištění a spolupracují s ostatními vysokoškolskými kolegy.",http://data.europa.eu/esco/occupation/684fd8d5-9b40-4b02-a680-438f0082d923,vysokoškolský učitel/vysokoškolská učitelka
Occupation,http://data.europa.eu/esco/occupation/35d41f4f-334b-452e-9e31-99f376302493,inženýr v oboru optoelektroniky/inženýrka v oboru optoelektroniky,released,inženýr v oboru optoelektroniky | inženýrka v oboru optoelektroniky | optoelektronik,"Inženýři v oboru optoelektroniky navrhují a vyvíjejí optoelektronické systémy a přístroje, jako jsou snímače UV, fotodiody a LED. Inženýři v oboru optoelektroniky při navrhování těchto systémů a zařízení uplatňují optické inženýrství i elektroinženýrství. Provádějí výzkum, analýzu a zkoušky zařízení a dohlížejí na výzkum.",http://data.europa.eu/esco/occupation/4d34a9ee-2653-4da0-bef7-f59294577224,inženýr elektroniky/inženýrka elektroniky
Occupation,http://data.europa.eu/esco/occupation/3af4d6be-90b5-41f6-be06-3330dab3df73,výzkumný pracovník v oboru sociální práce/výzkumná pracovnice v oboru sociální práce,released,výzkumná pracovnice v oboru sociální práce | výzkumný pracovník v oboru sociální práce,"Výzkumní pracovníci v sociální oblasti řídí výzkumné projekty se zaměřením na vyšetřování a podávání zpráv o sociálních otázkách. Nejdříve sbírají informace prostřednictvím rozhovorů, anket v cílových skupinách a dotazníků a poté tyto informace třídí a analyzují pomocí softwarových nástrojů. Analyzují sociální problémy a potřeby a různé způsoby a techniky, jak na ně reagovat.",http://data.europa.eu/esco/occupation/11df8941-508c-4103-ad40-52cdf9430a59,sociolog/socioložka
Occupation,http://data.europa.eu/esco/occupation/3c305542-a51b-4b96-8d45-af11ca05eaa2,přednášející v oboru veterinární lékařství,released,,"Přednášející v oboru veterinární lékařství jsou profesoři, učitelé nebo přednášející a často veterinární lékaři vyučující studenty, kteří získali diplom vyššího sekundárního vzdělání, ve specializovaném studijním oboru veterinární lékařství, jenž má převážně akademickou povahu. Spolupracují s odbornými asistenty zaměřenými na výzkum či výuku při přípravě přednášek a zkoušek, známkování testů a zkoušek, vedení laboratorních cvičení a vedení pohovorů zaměřených na hodnocení a zpětnou vazbu pro studenty. Provádějí rovněž akademický výzkum ve své specializaci veterinární medicína, zveřejňují svá zjištění a spolupracují s ostatními vysokoškolskými kolegy.",http://data.europa.eu/esco/occupation/684fd8d5-9b40-4b02-a680-438f0082d923,vysokoškolský učitel/vysokoškolská učitelka
Occupation,http://data.europa.eu/esco/occupation/3d7a1284-824c-47d9-8387-b8e1cd5888b5,přednášející v oboru stomatologie,released,,"Přednášející v oboru stomatologie jsou profesoři, učitelé nebo přednášející a často lékaři vyučující studenty, kteří získali diplom vyššího sekundárního vzdělání, ve specializovaném studijním oboru stomatologie, jenž má převážně akademickou povahu. Spolupracují s odbornými asistenty zaměřenými na výzkum či výuku při přípravě přednášek a zkoušek, známkování testů a zkoušek, vedení laboratorních cvičení a vedení pohovorů zaměřených na hodnocení a zpětnou vazbu pro studenty. Provádějí rovněž akademický výzkum ve své specializaci stomatologie, zveřejňují svá zjištění a spolupracují s ostatními vysokoškolskými kolegy.",http://data.europa.eu/esco/occupation/684fd8d5-9b40-4b02-a680-438f0082d923,vysokoškolský učitel/vysokoškolská učitelka
Occupation,http://data.europa.eu/esco/occupation/3dbd758c-6dc0-41fe-8248-2250c9bfa4ab,klimatolog/klimatoložka,released,klimatoložka | klimatolog,"Klimatologové zkoumají průměrné změny počasí a klimatu z dlouhodobého hlediska. Provádějí výzkum a analýzu historických povětrnostních podmínek s cílem předpovídat vývoj klimatických podmínek, jako jsou změny teploty, globální oteplování nebo vyvíjející se regionální povětrnostní podmínky. Tato zjištění používají pro poradenství v oblasti politiky životního prostředí, stavebnictví, zemědělských projektů a společenských otázek.",http://data.europa.eu/esco/occupation/1c862e14-80f8-4aa8-8f1c-fd2ca95b63ad,meteorolog/meteoroložka
Occupation,http://data.europa.eu/esco/occupation/3f7b7ce5-94b6-4e0c-98e7-a4ee5a6accf4,toxikolog/toxikoložka,released,toxikolog | toxikoložka,"Toxikologové zkoumají účinky, které mají chemické látky nebo biologické a fyzikální činitele v živých organismech, konkrétně na životní prostředí a na zdraví zvířat a lidí. Stanoví dávky expozice látkám, kdy vznikají toxické účinky na životní prostředí, u lidí a živých organismů a provádějí také pokusy na zvířatech a buněčných kulturách.",http://data.europa.eu/esco/occupation/eee68e13-8248-43bb-a9fb-959832a6c217,biolog/bioložka
Occupation,http://data.europa.eu/esco/occupation/441a5b76-2f51-4704-9df7-3b8e715dd3ad,specialista v oblasti behaviorálních věd/specialistka v oblasti behaviorálních věd,released,specialistka v oblasti behaviorálních věd | specialista v oblasti behaviorálních věd | behavioralistka | behavioralista,"Specialisté v oblasti behaviorálních věd sledují, pozorují a popisují chování člověka ve společnosti. Vyvozují z nich závěry ohledně motivů jednání člověka, sledují různé okolnosti pro různé chování a popisují různé osobnosti. Poskytují poradenství organizacím a vládním institucím v této oblasti. Mohou rovněž analyzovat chování zvířat.",http://data.europa.eu/esco/isco/C2632,"Sociologové, antropologové a specialisté v příbuzných oborech"
Occupation,http://data.europa.eu/esco/occupation/479ede81-bd51-4f3b-9d30-4910699fd211,přednášející v oboru žurnalistika,released,,"Přednášející v oboru žurnalistika a sdělovací prostředky jsou profesoři, učitelé nebo přednášející vyučující studenty, kteří získali diplom vyššího sekundárního vzdělání, ve specializovaném studijním oboru žurnalistika a sdělovací prostředky, jenž má převážně akademickou povahu. Spolupracují s odbornými asistenty zaměřenými na výzkum či výuku při přípravě přednášek a zkoušek, známkování testů a zkoušek a vedení pohovorů zaměřených na hodnocení a zpětnou vazbu pro studenty. Provádějí rovněž akademický výzkum v oboru žurnalistika a sdělovací prostředky, zveřejňují svá zjištění a spolupracují s ostatními vysokoškolskými kolegy.",http://data.europa.eu/esco/occupation/684fd8d5-9b40-4b02-a680-438f0082d923,vysokoškolský učitel/vysokoškolská učitelka
Occupation,http://data.europa.eu/esco/occupation/49023c69-302f-4671-b26f-7229d1a53915,pedagogický pracovník v oboru komunikačních studií/pedagogická pracovnice v oboru komunikačních studií,released,profesor komunikačních studií | pedagogická pracovnice v oboru komunikačních studií | profesorka komunikačních studií | pedagogický pracovník v oboru komunikačních studií,"Pedagogičtí pracovníci v oboru komunikačních studií jsou profesoři, učitelé nebo přednášející vyučující studenty, kteří získali diplom vyššího sekundárního vzdělání, ve svém specializovaném oboru komunikační studie, jenž má převážně akademickou povahu. Spolupracují s odbornými asistenty zaměřenými na výzkum či výuku při přípravě přednášek a zkoušek, známkování testů a zkoušek a vedení pohovorů zaměřených na hodnocení a zpětnou vazbu pro studenty. Provádějí rovněž akademický výzkum v oboru komunikační studie, zveřejňují svá zjištění a spolupracují s ostatními vysokoškolskými kolegy.",http://data.europa.eu/esco/occupation/684fd8d5-9b40-4b02-a680-438f0082d923,vysokoškolský učitel/vysokoškolská učitelka
Occupation,http://data.europa.eu/esco/occupation/4b759f0e-8fec-4cf5-80d4-d112a9fd4e51,oceánograf/oceánografka,released,oceánograf | oceánografka,"Oceánografové zkoumají a provádějí výzkum týkající se záležitostí souvisejících s mořem a oceány. Oceánografové se dělí podle své odbornosti na několik skupin: oceánografové se zaměřením na fyzickou oceánografii, jejichž výzkum se zaměřuje na vlny, příliv a odliv, oceánografové se zaměřením na chemickou oceánografii, kteří zkoumají chemické složení mořských vod, a oceánografové se zaměřením na mořskou geologii, jejichž výzkum se soustředí na dno moří a jeho desky.
   ",http://data.europa.eu/esco/occupation/c6196b21-20f9-4608-83fb-6f143afc740d,geolog/geoložka
Occupation,http://data.europa.eu/esco/occupation/4e8a5d3e-66de-4661-9927-ef3123cc79e9,vyučující v oboru architektura,released,učitel architektury | učitelka architektury | profesorka architektury | docent architektury | docentka architektury | profesor architektury | univerzitní lektorka oboru architektura | univerzitní lektor oboru architektura,"Vyučující v oboru architektura jsou profesoři, učitelé nebo přednášející vyučující studenty, kteří získali diplom vyššího sekundárního vzdělání, ve specializovaném studijním oboru architektura, jenž má převážně akademickou povahu. Spolupracují s odbornými asistenty zaměřenými na výzkum či výuku při přípravě přednášek a zkoušek, známkování testů a zkoušek a vedení pohovorů zaměřených na hodnocení a zpětnou vazbu pro studenty. Provádějí také akademický výzkum v oboru architektura, zveřejňují svá zjištění a spolupracují s ostatními vysokoškolskými kolegy.",http://data.europa.eu/esco/occupation/684fd8d5-9b40-4b02-a680-438f0082d923,vysokoškolský učitel/vysokoškolská učitelka
Occupation,http://data.europa.eu/esco/occupation/4f4d33a1-0b41-4dd9-8a42-aeba5a3974ab,inženýr senzorových technologií/inženýrka senzorových technologií,released,inženýrka senzorových technologií | inženýrka v odvětví snímačů a akčních členů | inženýr senzorových technologií | inženýr v odvětví snímačů a akčních členů,"Inženýři senzorových technologií navrhují a vyvíjejí čidla, snímací systémy a výrobky, které jsou vybaveny čidly. Plánují a sledují výrobu těchto výrobků.",http://data.europa.eu/esco/occupation/4d34a9ee-2653-4da0-bef7-f59294577224,inženýr elektroniky/inženýrka elektroniky
Occupation,http://data.europa.eu/esco/occupation/4f89b0d2-b666-4890-af01-25d1d60da1f3,politolog/politoložka,released,politoložka | politolog,"Politologové zkoumají politické chování, činnost a systémy a související témata. Jejich pole zájmu je široké – od vzniku a vývoje různých politických systémů až po aktuální témata, jako jsou rozhodovací procesy, politické chování, politické trendy, společnost a perspektivy výkonu. Radí vládám a institucionálním organizacím v otázkách správy věcí veřejných.",http://data.europa.eu/esco/isco/C2633,"Filozofové, historici a politologové"
Occupation,http://data.europa.eu/esco/occupation/52ded7d7-11df-42e3-b90a-d7f4b70fb4b9,psycholog/psycholožka,released,sportovní psycholožka | sportovní psycholog | psycholožka | psycholog,"Psychologové studují chování a duševní procesy lidí. Poskytují služby klientům, kteří se zabývají otázkami duševního zdraví a životními otázkami, jako je úmrtí, potíže související se vztahy, domácí násilí a sexuální zneužívání. Poskytují rovněž poradenství v otázkách duševního zdraví, jako jsou poruchy příjmu potravy, posttraumatické stresové poruchy a psychóza, s cílem pomoci klientům, aby se rehabilitovali a dosáhli zdravého chování.",http://data.europa.eu/esco/isco/C2634,Psychologové
Occupation,http://data.europa.eu/esco/occupation/55167849-82cf-484e-b818-fa702a4e69e9,hydrolog/hydroložka,released,hydroložka | hydrolog,"Hydrologové zkoumají kvalitu, současné výzvy a distribuci vody na Zemi a provádí související výzkum. Zkoumají zásobování vodou z řek, potoků a pramenů s cílem určit jejich přiměřené a udržitelné využití. Spolu s interdisciplinárním týmem odborníků plánují a vypracovávají postupy, jak lze distribuovat vodu do měst a městských oblastí, a zároveň zajišťují účinnost a ochranu zdrojů.",http://data.europa.eu/esco/occupation/c6196b21-20f9-4608-83fb-6f143afc740d,geolog/geoložka
Occupation,http://data.europa.eu/esco/occupation/557f9ccc-4e46-4bb2-8d20-272cd978b152,veterinární vědec,released,,"Veterinární vědci vyvíjejí a provádějí výzkum na zvířecích modelech, porovnávají základní biologii zvířat a vědecká zjištění aplikují na různé živočišné druhy, včetně lidí.",http://data.europa.eu/esco/isco/C2250,Veterinární lékaři
Occupation,http://data.europa.eu/esco/occupation/55a785db-0636-41b8-950f-0b65abe5e81b,vyučující v oboru farmacie,released,pedagog v oboru farmacie | učitelka farmacie | učitel farmacie | lektor farmakologie | lektorka farmakologie | pedagožka v oboru farmacie,"Vyučující v oboru farmacie jsou profesoři, učitelé nebo přednášející vyučující studenty, kteří získali diplom vyššího sekundárního vzdělání, ve specializovaném studijním oboru farmacie, jenž má převážně akademickou povahu. Spolupracují s odbornými asistenty zaměřenými na výzkum či výuku při přípravě přednášek a zkoušek, známkování testů a zkoušek, vedení laboratorních cvičení a vedení pohovorů zaměřených na hodnocení a zpětnou vazbu pro studenty. Provádějí rovněž akademický výzkum v oboru farmacie, zveřejňují svá zjištění a spolupracují s ostatními vysokoškolskými kolegy.",http://data.europa.eu/esco/occupation/684fd8d5-9b40-4b02-a680-438f0082d923,vysokoškolský učitel/vysokoškolská učitelka
Occupation,http://data.europa.eu/esco/occupation/574f3232-1d07-4034-8cac-c57ddbfff192,analytický chemik/analytická chemička,released,analytický chemik | analytická chemička,"Analytičtí chemici plní důležitou roli při posuzování vztahu mezi chemií a životním prostředím, potravinami, palivy a léky.
	",http://data.europa.eu/esco/occupation/0d93706d-32fd-4de3-aa08-be1003e325da,chemik/chemička
Occupation,http://data.europa.eu/esco/occupation/57a12047-4f1e-40ed-add5-9736923f231b,astronom/astronomka,released,astronom | astronomka | výzkumná pracovnice v oboru astronomie | výzkumný pracovník v oboru astronomie,"Astronomové zkoumají formace, struktury, vlastnosti a vývoj nebeských těles a mezihvězdné hmoty. Využívají pozemní a vesmírné vybavení ke shromažďování údajů o vesmíru pro výzkumné účely.",http://data.europa.eu/esco/isco/C2111,Fyzikové a astronomové
Occupation,http://data.europa.eu/esco/occupation/59a02420-91df-4e46-b37b-22e3fd8c11f0,přednášející v oboru fyzika,released,,"Přednášející v oboru fyzika jsou profesoři, učitelé nebo přednášející vyučující studenty, kteří získali diplom vyššího sekundárního vzdělání, ve specializovaném studijním oboru fyzika, jenž má převážně akademickou povahu. Spolupracují s odbornými asistenty zaměřenými na výzkum či výuku při přípravě přednášek a zkoušek, známkování testů a zkoušek, vedení laboratorních cvičení a vedení pohovorů zaměřených na hodnocení a zpětnou vazbu pro studenty. Provádějí rovněž akademický výzkum v oboru fyzika, zveřejňují svá zjištění a spolupracují s ostatními vysokoškolskými kolegy.",http://data.europa.eu/esco/occupation/684fd8d5-9b40-4b02-a680-438f0082d923,vysokoškolský učitel/vysokoškolská učitelka
Occupation,http://data.europa.eu/esco/occupation/5a282a39-5346-454a-b1ef-c1217c50e156,výzkumný pracovník v oboru vzdělávání/výzkumná pracovnice v oboru vzdělávání,released,pedagogická výzkumnice | pedagogický výzkumník | výzkumný pracovník v oboru vzdělávání | výzkumná pracovnice v oboru vzdělávání,"Výzkumní pracovníci v oboru vzdělávání provádějí výzkum v oboru vzdělávání. Usilují o rozšíření poznatků o tom, jak fungují vzdělávací procesy a systémy a jednotlivci (učitelé a studenti). Předvídají oblasti zlepšení a vypracovávají plány pro provádění inovací. Radí zákonodárcům a tvůrcům politik v otázkách vzdělávání a pomáhají jim při plánování vzdělávacích politik.",http://data.europa.eu/esco/isco/C2351,Specialisté zaměření na metody výuky
Occupation,http://data.europa.eu/esco/occupation/5ac65daa-0896-4193-9f0e-8b00746b78a1,odborný asistent zaměřený na výzkum/odborná asistentka zaměřená na výzkum,released,odborná asistentka zaměřená na výzkum | odborný asistent zaměřený na výzkum,"Odborní asistenti zaměření na výzkum provádějí akademický výzkum pro univerzitu nebo vysokou školu, kde jsou zaměstnaní. Mohou pomáhat profesorům, pro něž pracují, nebo svým vedoucím při výzkumu nebo provádět vlastní výzkum v příslušné specializaci nadřízeného profesora.",http://data.europa.eu/esco/occupation/684fd8d5-9b40-4b02-a680-438f0082d923,vysokoškolský učitel/vysokoškolská učitelka
Occupation,http://data.europa.eu/esco/occupation/5fdfa822-c1ba-477e-87cc-3d742e59310d,přednášející v oboru biologie,released,,"Přednášející v oboru biologie jsou profesoři, učitelé nebo přednášející vyučující studenty, kteří získali diplom vyššího sekundárního vzdělání, ve specializovaném studijním oboru biologie. Spolupracují s odbornými asistenty zaměřenými na výzkum či výuku při přípravě přednášek a zkoušek, vedení laboratorních cvičení, známkování testů a zkoušek a vedení pohovorů zaměřených na hodnocení a zpětnou vazbu pro studenty. Provádějí rovněž akademický výzkum v oboru biologie, zveřejňují svá zjištění a spolupracují s ostatními vysokoškolskými kolegy.",http://data.europa.eu/esco/occupation/684fd8d5-9b40-4b02-a680-438f0082d923,vysokoškolský učitel/vysokoškolská učitelka
Occupation,http://data.europa.eu/esco/occupation/605e58d6-ad27-4828-b1f5-16707f327fa0,přednášející v oboru pedagogika,released,,"Přednášející v oboru pedagogika jsou profesoři, učitelé nebo přednášející vyučující studenty, kteří získali diplom vyššího sekundárního vzdělání, ve specializovaném studijním oboru pedagogika, a mohou se tak stát učiteli. Spolupracují s odbornými asistenty zaměřenými na výzkum či výuku při přípravě přednášek a zkoušek, známkování testů a zkoušek a vedení pohovorů zaměřených na hodnocení a zpětnou vazbu pro studenty.",http://data.europa.eu/esco/occupation/684fd8d5-9b40-4b02-a680-438f0082d923,vysokoškolský učitel/vysokoškolská učitelka
Occupation,http://data.europa.eu/esco/occupation/6140be85-2d45-44b2-b0ba-412aadcead1e,genetik/genetička,released,genetička | genetik,"Genetici zkoumají genetiku a zaměřují se na její výzkum. Analyzují způsob, jakým geny interagují, působí a dědí znaky a vlastnosti. Na základě výzkumu pečují o pacienty s dědičnými onemocněními, vrozenými malformacemi a obecnými genetickými problémy.",http://data.europa.eu/esco/occupation/eee68e13-8248-43bb-a9fb-959832a6c217,biolog/bioložka
Occupation,http://data.europa.eu/esco/occupation/66527cdc-b7a5-4996-9448-7e327b68d08d,přednášející v oboru dějiny umění,released,,"Přednášející v oboru dějiny umění jsou profesoři, učitelé nebo přednášející vyučující studenty, kteří získali diplom vyššího sekundárního vzdělání, ve specializovaném studijním oboru dějiny umění, jenž má převážně akademickou povahu. Spolupracují s odbornými asistenty zaměřenými na výzkum či výuku při přípravě přednášek a zkoušek, známkování testů a zkoušek a vedení pohovorů zaměřených na hodnocení a zpětnou vazbu pro studenty. Provádějí rovněž akademický výzkum v oboru dějiny umění, zveřejňují svá zjištění a spolupracují s ostatními vysokoškolskými kolegy.",http://data.europa.eu/esco/occupation/684fd8d5-9b40-4b02-a680-438f0082d923,vysokoškolský učitel/vysokoškolská učitelka
Occupation,http://data.europa.eu/esco/occupation/684fd8d5-9b40-4b02-a680-438f0082d923,vysokoškolský učitel/vysokoškolská učitelka,released,vysokoškolská učitelka | vysokoškolský učitel,"Vysokoškolští učitelé vyučují studenty, kteří získali diplom vyššího sekundárního vzdělání, ve specializovaném studijním oboru, jenž má převážně akademickou povahu. Mohou mít různé pracovní tituly, jako je docent nebo profesor. Spolupracují s odbornými asistenty zaměřenými na výuku a výzkum při přípravě přednášek a zkoušek, známkování testů a zkoušek, vedení laboratorních cvičení a vedení pohovorů zaměřených na hodnocení a zpětnou vazbu pro studenty. Provádějí také akademický výzkum ve své specializaci, zveřejňují svá zjištění a spolupracují se svými vysokoškolskými kolegy.",http://data.europa.eu/esco/isco/C2310,Učitelé na vysokých a vyšších odborných školách
Occupation,http://data.europa.eu/esco/occupation/68d973df-bf10-4bf7-9a1b-fbd9f604b9db,bioinformatik/bioinformatička,released,bioinformatik | bioinformatička,"Bioinformatici analyzují biologické procesy pomocí počítačových programů. Udržují nebo vytváří databáze obsahující biologické informace. Bioinformatici shromažďují a analyzují biologické údaje a mohou rovněž pomáhat vědcům z různých oborů, mimo jiné biotechnologie a farmacie. Provádějí vědecký výzkum a statistické analýzy a podávají zprávy o svých zjištěních. Bioinformatici mohou rovněž shromažďovat vzorky DNA, objevovat datové vzorce a provádět genetický výzkum.",http://data.europa.eu/esco/isco/C2131,"Biologové, botanici, zoologové a specialisté v příbuzných oborech"
Occupation,http://data.europa.eu/esco/occupation/68f4fdd9-182c-4c0d-a73d-f767b8a8355e,biolog se specializací na akvakulturu/bioložka se specializací na akvakulturu,released,bioložka se specializací na akvakulturu | biolog se specializací na akvakulturu,"Biologové se specializací na akvakulturu používají poznatky získané na základě výzkumu vodních živočichů a rostlin, jejich vzájemného působení a interakce s prostředím s cílem zlepšit produkci akvakultury, předcházet problémům se zdravím zvířat a životním prostředím a v případě potřeby poskytnout řešení.",http://data.europa.eu/esco/occupation/eee68e13-8248-43bb-a9fb-959832a6c217,biolog/bioložka
Occupation,http://data.europa.eu/esco/occupation/6cd08cbe-7611-4d70-8886-6c59c0385442,vědecký pracovník v oboru komunikačních studií/vědecká pracovnice v oboru komunikačních studií,released,výzkumná pracovnice v oboru komunikačních studií | vědecký pracovník v oboru komunikačních studií | vědecká pracovnice v oboru komunikačních studií | výzkumný pracovník v oboru komunikačních studií,"Vědečtí pracovníci v oboru komunikačních studií zkoumají různé aspekty plánování, shromažďování, vytváření, organizování, uchovávání, používání, hodnocení a výměny informací prostřednictvím verbální nebo neverbální komunikace. Studují interakce mezi skupinami, jednotlivci a jednotlivci s technologiemi (roboty).",http://data.europa.eu/esco/occupation/acf69cab-8629-45c8-ae10-c8fb15f474b6,antropolog/antropoložka
Occupation,http://data.europa.eu/esco/occupation/6d421d34-baa1-44f9-9ea0-231d76e325fd,specialista v oblasti religionistiky/specialistka v oblasti religionistiky,released,specialistka v oblasti religionistiky | specialista v oblasti religionistiky | religionista | religionistka,"Specialisté v oblasti religionistiky studují koncepty týkající se náboženství, přesvědčení a spirituality. Aplikují racionalitu ve snaze definovat morálku a etiku zkoumáním písma, náboženství, náboženských vědních oborů a božích zákonů.",http://data.europa.eu/esco/isco/C2636,Specialisté v církevní oblasti a v příbuzných oborech
Occupation,http://data.europa.eu/esco/occupation/6df6c5cb-c1a2-42c8-acd0-1ee5563c36c1,biochemik/biochemička,released,biochemik | biochemička,Biochemici zkoumají reakce způsobené chemickými látkami v živých organismech a provádějí výzkum těchto reakcí. To zahrnuje provádění výzkumu zaměřeného na vývoj nebo zlepšení chemických výrobků (např. léků) pro zlepšení zdraví živých organismů a lepší pochopení jejich reakcí.,http://data.europa.eu/esco/occupation/eee68e13-8248-43bb-a9fb-959832a6c217,biolog/bioložka
Occupation,http://data.europa.eu/esco/occupation/6e92d4b5-3167-4166-802f-da7753951a31,konzultant pro výzkum v oblasti ICT/konzultantka pro výzkum v oblasti ICT,released,IT poradkyně v oblasti výzkumu | ICT konzultant v oboru výzkumu | ICT konzultantka v oboru výzkumu | IT poradce v oblasti výzkumu | ICT poradkyně v oblasti výzkumu | ICT poradce v oblasti výzkumu,"Konzultanti pro výzkum v oblasti ICT provádějí cílený výzkum v oblasti ICT a poskytují zákazníkovi závěrečnou zprávu. Rovněž používají nástroje ICT k návrhu dotazníků pro průzkumy, analyzují výsledky, podávají zprávy, předkládají výsledky a na základě výsledků výzkumu předkládají doporučení.",http://data.europa.eu/esco/isco/C2511,Systémoví analytici
Occupation,http://data.europa.eu/esco/occupation/71f09c8b-a172-408c-b9e7-32e580e39ff6,praktický lékař/praktická lékařka,released,praktický lékař | praktická lékařka,"Praktičtí lékaři podporují zdraví a prevenci, identifikují špatný zdravotní stav, diagnostikují a léčí nemoci a napomáhají zotavení z fyzických a duševních nemocí a zdravotních poruch všeho druhu, a to u všech osob bez ohledu na jejich věk, pohlaví nebo druh zdravotního problému.",http://data.europa.eu/esco/isco/C2211,Všeobecní a praktičtí lékaři
Occupation,http://data.europa.eu/esco/occupation/72628f3a-fd49-499a-9741-870b0a1fcef2,matematik/matematička,released,matematička | matematik,Matematici zkoumají a prohlubují stávající matematické teorie za účelem rozšíření lidského poznání a nalezení nových paradigmat v této oblasti. Tyto vědomosti uplatňují při zvládání dosud neřešitelných problémů v oblasti inženýrských a vědeckých projektů. Měřením veličin a využíváním matematických zákonů prokazují jejich proveditelnost.,http://data.europa.eu/esco/isco/C2120,"Specialisté v oblasti matematiky, statistiky a pojistné matematiky"
Occupation,http://data.europa.eu/esco/occupation/73ceb2f9-18e3-4cfe-9c06-e9fb31ece440,manažer výzkumu a vývoje/manažerka výzkumu a vývoje,released,manažer výzkumu a vývoje | manažerka výzkumu a vývoje,"Manažeři výzkumu a vývoje koordinují úsilí vědců, akademických výzkumných pracovníků, vývojářů produktů a pracovníků zabývajících se průzkumem trhu v oblasti tvorby nových produktů, zlepšování stávajících produktů nebo jiných výzkumných činností, včetně vědeckého výzkumu. Řídí a plánují činnost organizace v oblasti výzkumu a vývoje, stanovují cíle a rozpočtové požadavky a řídí zaměstnance.",http://data.europa.eu/esco/isco/C1223,Vedoucí a řídící pracovníci v oblasti výzkumu a vývoje
Occupation,http://data.europa.eu/esco/occupation/778c1d37-69f2-4184-ac98-03b7dbfba332,inženýr fotoniky/inženýrka fotoniky,released,inženýr fotoniky | inženýrka fotonických systémů | inženýrka fotoniky | inženýr fotonických systémů,"Inženýři fotoniky se zabývají výrobou, přenosem, transformací a detekcí světla. Provádějí výzkum, projektování, montáž, zkoušení a zavádění fotonických součástí nebo systémů v četných oblastech použití, od optické komunikace přes lékařské přístrojové vybavení, zpracování materiálů nebo technologie snímání.",http://data.europa.eu/esco/occupation/ab3c4d3e-3189-47ad-82af-57cdae3cb589,inženýr optiky/inženýrka optiky
Occupation,http://data.europa.eu/esco/occupation/77abfaec-a250-4765-95fa-6091e8da1bba,inženýr elektromechaniky/inženýrka elektromechaniky,released,inženýrka elektromechaniky | inženýr elektromechaniky,"Inženýři elektromechaniky navrhují a vyvíjejí zařízení a stroje, které používají jak elektrickou, tak mechanickou technologii. Vytvářejí návrhy a připravují podklady, v nichž jsou podrobně uvedeny požadavky na materiály, montážní proces a další technické specifikace. Inženýři elektromechaniky rovněž testují a hodnotí prototypy. Dohlížejí na výrobní proces.",http://data.europa.eu/esco/occupation/86ca306c-ab99-420a-9e2a-aa73c5c4de22,elektroinženýr/elektroinženýrka
Occupation,http://data.europa.eu/esco/occupation/7c132147-428b-4ea3-87e1-70f7abb691ce,farmaceut/farmaceutka,released,farmaceut | lékárnice | farmaceutka | lékárník,"Farmaceuti připravují, vydávají a poskytují léky na lékařský předpis nebo bez lékařského předpisu. Poskytují klinické informace o lécích, hlásí podezření na nežádoucí účinky a poskytují osobní podporu pacientům. Farmaceuti vytvářejí a testují v laboratořích léky a skladují je, uchovávají a distribuují.",http://data.europa.eu/esco/isco/C2262,Farmaceuti
Occupation,http://data.europa.eu/esco/occupation/7dea476a-dffe-4919-9ee2-fb222e283f41,přednášející v oboru psychologie,released,,"Přednášející v oboru psychologie jsou profesoři, učitelé nebo přednášející vyučující studenty, kteří získali diplom vyššího sekundárního vzdělání, ve specializovaném studijním oboru psychologie, jenž má převážně akademickou povahu. Spolupracují s odbornými asistenty zaměřenými na výzkum či výuku při přípravě přednášek a zkoušek, známkování testů a zkoušek a vedení pohovorů zaměřených na hodnocení a zpětnou vazbu pro studenty. Provádějí také akademický výzkum v oboru psychologie, zveřejňují svá zjištění a spolupracují s ostatními vysokoškolskými kolegy.",http://data.europa.eu/esco/occupation/684fd8d5-9b40-4b02-a680-438f0082d923,vysokoškolský učitel/vysokoškolská učitelka
Occupation,http://data.europa.eu/esco/occupation/7f0fe7d3-54c6-41e9-88ba-9d4f0f1a46b4,inženýr v oboru mikrosystémů/inženýrka v oboru mikrosystémů,released,inženýrka mikroelektromechanických systémů | inženýr v oboru mikrosystémů | inženýr mikroelektromechanických systémů | inženýrka v oboru mikrosystémů,"Inženýři v oboru mikrosystémů zkoumají, navrhují a vyvíjejí mikroelektromechanické systémy, které mohou být integrovány do mechanických, optických, akustických a elektronických výrobků, a dohlížejí na jejich výrobu.",http://data.europa.eu/esco/occupation/4d34a9ee-2653-4da0-bef7-f59294577224,inženýr elektroniky/inženýrka elektroniky
Occupation,http://data.europa.eu/esco/occupation/7f2761eb-4edc-48ad-9fbf-eed0a0db9a21,fyzik,released,,"Fyzikové jsou vědci, kteří zkoumají fyzické jevy. Výzkum zaměřují v závislosti na své specializaci, která může sahat od fyziky atomových částic až po zkoumání jevů ve vesmíru. Používají svá zjištění ke zlepšení společnosti. Přispívají k vývoji energetických dodávek, k léčbě nemocí, vývoji her, špičkového vybavení a předmětů každodenní potřeby.",http://data.europa.eu/esco/isco/C2111,Fyzikové a astronomové
Occupation,http://data.europa.eu/esco/occupation/82e37849-30ec-4461-a40e-263d4c984f88,paleontolog/paleontoložka,released,paleontoložka | paleontolog,"Paleontologové zkoumají a analyzují formy života, které existovaly v dávnověku planety Země. Snaží se definovat evoluční vývoj všech druhů tehdejších organismů, jako jsou rostliny, pyly a spory, bezobratlí, obratlovci a lidé, zkoumají jejich stopy a interakci s různými geologickými oblastmi, ekologií a podnebím.",http://data.europa.eu/esco/occupation/c6196b21-20f9-4608-83fb-6f143afc740d,geolog/geoložka
Occupation,http://data.europa.eu/esco/occupation/86a0c9ab-c3fa-41a3-ad3e-d0083036b3d6,mineralog/mineraložka,released,mineralog | mineraložka,"Mineralogové zkoumají složení, strukturu a další fyzikální aspekty země. Analyzují různé nerosty a používají vědecké vybavení k určení jejich struktury a vlastností. Jejich činnost se zaměřuje především na klasifikaci a identifikaci nerostných surovin prostřednictvím odběru vzorků a provádění dalších testů, analýz a zkoušek.",http://data.europa.eu/esco/isco/C2114,Geologové a geofyzici
Occupation,http://data.europa.eu/esco/occupation/89b87aa2-4008-4cc7-96f8-e2b5ffe59f28,ekolog/ekoložka,released,ekoložka | ekolog,"Ekologové posuzují zdraví a rozšíření organismů, zejména lidí, rostlin a zvířat, a vztahy mezi organismy a jejich životním prostředím. Ekologové se obvykle specializují, např. na sladkovodní, mořské či suchozemské prostředí či na faunu a flóru. Ve své specializaci provádějí výzkum a plní související úkoly. ",http://data.europa.eu/esco/isco/C2133,Specialisté v oblasti ochrany životního prostředí (kromě průmyslové ekologie)
Occupation,http://data.europa.eu/esco/occupation/8b128a08-606f-4bb1-806e-07e0ed98b40e,pedagogický pracovník v oboru vědy o vesmíru/pedagogická pracovnice v oboru vědy o vesmíru,released,docent v oboru vědy o vesmíru | pedagogická pracovnice v oboru vědy o vesmíru | profesorka v oboru vědy o vesmíru | pedagogický pracovník v oboru vědy o vesmíru | profesor v oboru vědy o vesmíru | docentka v oboru vědy o vesmíru,"Pedagogičtí pracovníci v oboru vědy o vesmíru jsou profesoři, učitelé nebo přednášející vyučující studenty, kteří získali diplom vyššího sekundárního vzdělání, ve specializovaném studijním oboru vědy o vesmíru, jenž má převážně akademickou povahu. Spolupracují s odbornými asistenty zaměřenými na výzkum či výuku při přípravě přednášek a zkoušek, známkování testů a vedení pohovorů zaměřených na hodnocení a zpětnou vazbu pro studenty. Provádějí rovněž akademický výzkum ve svém oboru vědy v o vesmíru, zveřejňují svá zjištění a spolupracují s ostatními vysokoškolskými kolegy.",http://data.europa.eu/esco/occupation/684fd8d5-9b40-4b02-a680-438f0082d923,vysokoškolský učitel/vysokoškolská učitelka
Occupation,http://data.europa.eu/esco/occupation/8c0f59c9-9a47-42e7-8287-aab19df4e6ab,inženýr v oboru mikroelektronika/inženýrka v oboru mikroelektronika,released,inženýr mikroelektronických technologií | inženýrka mikroelektronických technologií | inženýrka v oboru mikroelektronika | inženýr v oboru mikroelektronika,"Inženýři v oboru mikroelektronika navrhují a vyvíjejí malá elektronická zařízení a součásti, jako jsou mikroprocesory a integrované obvody, a dohlížejí na jejich výrobu.",http://data.europa.eu/esco/occupation/4d34a9ee-2653-4da0-bef7-f59294577224,inženýr elektroniky/inženýrka elektroniky
Occupation,http://data.europa.eu/esco/occupation/920c22e1-10a1-4afa-86b3-c43da8488391,přednášející v oboru sociální práce,released,přednášející v oboru sociální politiky | profesor sociální politiky | učitelka sociální práce | instruktorka sociální práce | profesor sociální práce | instruktor sociální práce | učitel sociální práce | profesorka sociální politiky | profesorka sociální práce,"Přednášející v oboru sociální práce jsou odborníci, kteří plní dvě úlohy, na jedné straně působí ve vysokoškolském oboru a jednotlivcům nebo skupinám osob poskytují sociální služby, jako je poradenství, terapie nebo prosazování práv, a na druhé straně působí v akademické sféře a poskytují profesní vzdělávání. Podílejí se rovněž na výzkumu a rozvoji znalostí a přispívají k řešení složitých sociálních problémů a k inovativnímu přístupu k omezení těchto problémů. Vyučují znalosti, dovednosti a hodnoty sociální práce pro přípravu studentů, aby se zapojili do kulturně kompetentní praxe sociální práce s rozmanitými skupinami obyvatel a komunitami.",http://data.europa.eu/esco/occupation/684fd8d5-9b40-4b02-a680-438f0082d923,vysokoškolský učitel/vysokoškolská učitelka
Occupation,http://data.europa.eu/esco/occupation/92bb3d8c-8a9f-4cd7-80ec-247bbf173004,hardwarový inženýr/hardwarová inženýrka,released,hardwarový inženýr | hardwarová inženýrka,"Hardwaroví inženýři navrhují a vyvíjejí počítačové hardwarové systémy a jejich součásti, jako jsou desky s plošnými spoji, modemy a tiskárny. Vytvářejí plány a montážní nákresy, vyvíjejí a testují prototypy a dohlížejí na výrobní proces.",http://data.europa.eu/esco/occupation/4d34a9ee-2653-4da0-bef7-f59294577224,inženýr elektroniky/inženýrka elektroniky
Occupation,http://data.europa.eu/esco/occupation/9766cc19-5a64-4b3c-a741-71561285a419,pedagogický pracovník v oboru antropologie/pedagogická pracovnice v oboru antropologie,released,docentka antropologie | docent antropologie | profesorka antropologie | profesor antropologie | pedagogický pracovník v oboru antropologie | pedagogická pracovnice v oboru antropologie,"Pedagogičtí pracovníci v oboru antropologie jsou profesoři, učitelé nebo přednášející vyučující studenty, kteří získali diplom vyššího sekundárního vzdělání, ve specializovaném studijním oboru antropologie, jenž má převážně akademickou povahu. Spolupracují s odbornými asistenty zaměřenými na výzkum či výuku při přípravě přednášek a zkoušek, známkování testů a zkoušek a vedení pohovorů zaměřených na hodnocení a zpětnou vazbu pro studenty. Provádějí rovněž akademický výzkum ve svém oboru antropologie, zveřejňují svá zjištění a spolupracují s ostatními vysokoškolskými kolegy.",http://data.europa.eu/esco/occupation/684fd8d5-9b40-4b02-a680-438f0082d923,vysokoškolský učitel/vysokoškolská učitelka
Occupation,http://data.europa.eu/esco/occupation/9851c83c-5670-4da0-964a-1ef0e682e30b,vědecký pracovník v oboru thanatologie/vědecká pracovnice v oboru thanatologie,released,výzkumnice v oboru thanatogie | výzkumník v oboru thanatogie,"Výzkumníci v oboru thanatologie se zabývají tématem smrti a umírání z pohledu řady vědeckých oborů, jako je např. psychologie, sociologie, fyziologie a antropologie. Přispívají k lepšímu poznání různých aspektů týkajících se smrti, jako jsou psychologické stavy, kterými prochází umírající i osoby v jejich okolí.",http://data.europa.eu/esco/isco/C2632,"Sociologové, antropologové a specialisté v příbuzných oborech"
Occupation,http://data.europa.eu/esco/occupation/9905cc76-d48b-49b1-94ab-17becb30be1a,přednášející v oboru potravinářské vědy,released,přednášející v oboru potravinářských věd | přednášející v potravinářských věd a výživy | profesorka v oboru potravinářské vědy | profesor v oboru potravinářské vědy | učitelka potravinářských věd | učitel potravinářských věd,"Přednášející v oboru potravinářské vědy jsou profesoři, učitelé nebo přednášející vyučující studenty, kteří získali diplom vyššího sekundárního vzdělání, ve specializovaném studijním oboru potravinářské vědy, jenž má převážně akademickou povahu. Spolupracují s odbornými asistenty zaměřenými na výzkum či výuku při přípravě přednášek a zkoušek, známkování testů a zkoušek a vedení pohovorů zaměřených na hodnocení a zpětnou vazbu pro studenty. Provádějí rovněž akademický výzkum v oboru potravinářské vědy, zveřejňují svá zjištění a spolupracují s ostatními vysokoškolskými kolegy.",http://data.europa.eu/esco/occupation/684fd8d5-9b40-4b02-a680-438f0082d923,vysokoškolský učitel/vysokoškolská učitelka
Occupation,http://data.europa.eu/esco/occupation/99492920-e5a5-4dba-9e5a-93193147198c,ekonom/ekonomka,released,makroanalytik | ekonomka | ekonom | makroanalytička,"Ekonomové provádějí výzkum a vypracovávají teorie v oblasti ekonomiky, ať už jde o mikroekonomickou analýzu nebo o makroekonomickou analýzu. Zkoumají trendy, analyzují statistické údaje a do určité míry pracují s ekonomickými matematickými modely s cílem poskytovat poradenství společnostem, vládám a příslušným institucím. Poskytují poradenství ohledně proveditelnosti výrobků, prognózování trendů, rozvíjejících se trhů, daňových politik a spotřebitelských trendů.",http://data.europa.eu/esco/isco/C2631,Specialisté v oblasti národohospodářství
Occupation,http://data.europa.eu/esco/occupation/9a7e780a-b778-4a5a-b4eb-309d394d313d,vysokoškolský učitel literatury/vysokoškolská učitelka literatury,released,vysokoškolská učitelka literatury | lektorka literatury | profesorka literatury | profesor literatury | lektor literatury | vysokoškolský učitel literatury,"Vysokoškolští učitelé literatury jsou profesoři, učitelé nebo přednášející vyučující studenty, kteří získali diplom vyššího sekundárního vzdělání, ve specializovaném studijním oboru literatura, jenž má převážně akademickou povahu. Spolupracují s odbornými asistenty zaměřenými na výzkum či výuku při přípravě přednášek a zkoušek, známkování testů a zkoušek a vedení pohovorů zaměřených na hodnocení a zpětnou vazbu pro studenty. Provádějí rovněž akademický výzkum v oboru literatura, zveřejňují svá zjištění a spolupracují s ostatními vysokoškolskými kolegy.",http://data.europa.eu/esco/occupation/684fd8d5-9b40-4b02-a680-438f0082d923,vysokoškolský učitel/vysokoškolská učitelka
Occupation,http://data.europa.eu/esco/occupation/9b889f07-c39c-464d-b9d9-b2daa650f9ac,odborný lékař/odborná lékařka,released,odborný lékař | odborná lékařka,"Odborní lékaři předcházejí nemocem, diagnostikují je a léčí, v závislosti na jejich lékařské nebo chirurgické specializaci.",http://data.europa.eu/esco/isco/C2212,"Lékaři s odbornou specializací (kromě praktických lékařů, stomatologů, dietologů a audiologů)"
Occupation,http://data.europa.eu/esco/occupation/a36c14e6-ed96-467d-8390-6f9cf47ac350,přednášející v oboru historie,released,,"Přednášející v oboru historie jsou profesoři, učitelé nebo přednášející vyučující studenty, kteří získali diplom vyššího sekundárního vzdělání, ve specializovaném studijním oboru historie, jenž má převážně akademickou povahu. Spolupracují s odbornými asistenty zaměřenými na výzkum či výuku při přípravě přednášek a zkoušek, známkování testů a zkoušek a vedení pohovorů zaměřených na hodnocení a zpětnou vazbu pro studenty. Provádějí rovněž akademický výzkum v oboru historie, zveřejňují svá zjištění a spolupracují s ostatními vysokoškolskými kolegy.",http://data.europa.eu/esco/occupation/684fd8d5-9b40-4b02-a680-438f0082d923,vysokoškolský učitel/vysokoškolská učitelka
Occupation,http://data.europa.eu/esco/occupation/a63733fa-f7ff-4733-8961-1ec4eeaab00b,vědecký pracovník v muzeu/vědecká pracovnice v muzeu,released,kurátor v muzeu | odborná restaurátorka | kurátorka v muzeu | vědecký pracovník v muzeu | odborný restaurátor | výzkumná pracovnice v muzeu | vědecká pracovnice v muzeu | výzkumný pracovník v muzeu,"Spravují sbírky materiálů s přírodovědným, historickým a antropologickým obsahem, které mají vzdělávací, vědecký nebo estetický význam.
	",http://data.europa.eu/esco/isco/C2621,Specialisté archiváři a kurátoři
Occupation,http://data.europa.eu/esco/occupation/a7a74a05-3dd0-46c6-99af-92df8042520c,mikrobiolog/mikrobioložka,released,mikrobiolog | mikrobioložka,"Studují mikroorganismy, jako jsou bakterie, prvoci, houby atd., aby diagnostikovali a potlačili účinky, které tyto mikroorganismy mohou mít na zvířata, životní prostředí, potravinářský průmysl nebo zdravotní péči.
	",http://data.europa.eu/esco/occupation/eee68e13-8248-43bb-a9fb-959832a6c217,biolog/bioložka
Occupation,http://data.europa.eu/esco/occupation/a9c7a04d-807a-41b5-b441-87c73c73c9c5,jazykovědec/jazykovědkyně,released,lingvista | jazykovědkyně | jazykovědec | lingvistka,"Jazykovědci studují jazyky z vědeckého hlediska. Ovládají jazyky a mohou je interpretovat z hlediska jejich gramatické, sémantické a fonetické povahy. Výzkum se věnuje vývoji jazyka a způsobu, jakým je společnost využívá.",http://data.europa.eu/esco/isco/C2643,"Překladatelé, tlumočníci a jazykovědci"
Occupation,http://data.europa.eu/esco/occupation/ab360abd-32e2-4e03-967d-a10758efffa7,inženýr mechatroniky/inženýrka mechatroniky,released,inženýrka kybernetiky | inženýrka mechatroniky | inženýr kybernetiky | inženýr mechatroniky,"Inženýři mechatroniky navrhují a vyvíjejí inteligentní systémy, jako jsou robotické prostředky, inteligentní domácí spotřebiče a letouny, pomocí kombinace technologií ze strojírenství, elektroniky a výpočetní a řídicí techniky. Vytvářejí plány nebo projektové dokumenty pro části, sestavy nebo dokončené výrobky, používají softwarové programy a rovněž dohlížejí na projekty a řídí je.",http://data.europa.eu/esco/occupation/579254cf-6d69-4889-9000-9c79dc568644,strojní inženýr/strojní inženýrka
Occupation,http://data.europa.eu/esco/occupation/ab3c4d3e-3189-47ad-82af-57cdae3cb589,inženýr optiky/inženýrka optiky,released,optický inženýr | inženýrka optických technologií | inženýr optických technologií | inženýr optiky | optická inženýrka | inženýrka optiky,"Inženýři optiky navrhují a vyvíjejí různé průmyslové aplikace využívající optiku. Mají znalosti světla, zásad přenosu světla a optiky, aby mohli navrhovat konstrukce zařízení, jako jsou mikroskopy, objektivy, teleskopy a další optická zařízení.",http://data.europa.eu/esco/isco/C2149,Specialisté v oblasti techniky (kromě elektrotechniky) jinde neuvedení
Occupation,http://data.europa.eu/esco/occupation/ac8b3cd1-a127-4e6a-8208-5cfcf7111955,statistik/statistička,released,statistička | statistik,"Statistici shromažďují kvantitativní informace
pocházející z různých oborů, převádějí je do tabulek 
a zejména je analyzují. Interpretují a analyzují statistické studie v oborech, jako je zdraví, demografie, finance, podnikání atd., a poskytují poradenství na základě vzorců a vypracovaných analýz.",http://data.europa.eu/esco/isco/C2120,"Specialisté v oblasti matematiky, statistiky a pojistné matematiky"
Occupation,http://data.europa.eu/esco/occupation/acf69cab-8629-45c8-ae10-c8fb15f474b6,antropolog/antropoložka,released,antropolog | antropoložka,"Antropologové zkoumají všechny aspekty života člověka. Zabývají se různými civilizacemi, které během času existovaly, a jejich způsoby organizace. Pokoušejí se analyzovat fyzické, společenské, jazykové, politické, ekonomické, filozofické a kulturní aspekty různých národů. Cílem těchto studií je pochopit a popsat lidstvo v minulosti a vyřešit aktuální společenské problémy. Zkoumají různé pohledy, jako je filozofická antropologie.",http://data.europa.eu/esco/isco/C2632,"Sociologové, antropologové a specialisté v příbuzných oborech"
Occupation,http://data.europa.eu/esco/occupation/ae2c1bf4-669e-4fec-a7d7-698753699083,přednášející v oboru filozofie,released,,"Přednášející v oboru filozofie jsou profesoři, učitelé nebo přednášející vyučující studenty, kteří získali diplom vyššího sekundárního vzdělání, ve specializovaném studijním oboru filozofie, jenž má převážně akademickou povahu. Spolupracují s odbornými asistenty zaměřenými na výzkum či výuku při přípravě přednášek a zkoušek, známkování testů a zkoušek a vedení pohovorů zaměřených na hodnocení a zpětnou vazbu pro studenty. Provádějí rovněž akademický výzkum v oboru filozofie, zveřejňují svá zjištění a spolupracují s ostatními vysokoškolskými kolegy.",http://data.europa.eu/esco/occupation/684fd8d5-9b40-4b02-a680-438f0082d923,vysokoškolský učitel/vysokoškolská učitelka
Occupation,http://data.europa.eu/esco/occupation/ae8b19cc-8c6e-4a16-ada2-c15f97ded133,inženýr optomechaniky/inženýrka optomechaniky,released,inženýr optomechaniky | specialista v oblasti optomechaniky | inženýrka optomechaniky | specialistka v oblasti optomechaniky,"Inženýři optomechaniky navrhují a vyvíjejí optomechanické systémy, zařízení a součásti, jako jsou optická zrcadla a zařízení. Optomechanika spojuje při navrhování těchto systémů a zařízení optické inženýrství se strojírenstvím. Provádějí výzkum, analýzu a zkoušky zařízení a dohlížejí na výzkum.",http://data.europa.eu/esco/occupation/579254cf-6d69-4889-9000-9c79dc568644,strojní inženýr/strojní inženýrka
Occupation,http://data.europa.eu/esco/occupation/b0f3f595-4965-4f13-ba5c-f6049b62469f,specialista v oboru biometriky/specialistka v oboru biometriky,released,specialistka v oboru biometriky | výzkumná pracovnice v oboru biometriky | specialista v oboru biometriky | výzkumný pracovník v oboru biometriky,"Specialisté v oboru biometriky provádějí výzkum v oboru biometrie. Provádějí statistické nebo biologické výzkumné projekty měřením otisků prstů, sítnic a lidských rysů pro lékařské nebo průmyslové účely.",http://data.europa.eu/esco/occupation/ac8b3cd1-a127-4e6a-8208-5cfcf7111955,statistik/statistička
Occupation,http://data.europa.eu/esco/occupation/b2cede50-82bb-4684-9f11-1930e12ad672,energetický inženýr/energetická inženýrka,released,energetický inženýr | energetická inženýrka,"Energetičtí inženýři navrhují nové, účinné a čisté způsoby výroby, transformace a distribuce energie za účelem zlepšení udržitelnosti životního prostředí a energetické účinnosti. Získávají energii z přírodních zdrojů, jako je ropa nebo zemní plyn, nebo z obnovitelných a udržitelných zdrojů, jako je větrná nebo solární energie. ",http://data.europa.eu/esco/isco/C2149,Specialisté v oblasti techniky (kromě elektrotechniky) jinde neuvedení
Occupation,http://data.europa.eu/esco/occupation/b3ebf55f-5e50-4262-946a-f08d7fbe29b2,přednášející v oboru zdravotní péče,released,profesor geriatrie | přednášející v oboru embryologie | přednášející v oboru patologie | vysokoškolská asistentka geriatrie | vysokoškolský asistent geriatrie | učitel ortopedie | vysokoškolská asistentka pediatrie | docentka dietetiky | docentka ortopedie | docent patologie | vysokoškolský asistent ortopedie | profesorka pediatrie | přednášející v oboru ortopedie | učitelka zdravotní péče | docent embryologie | docentka ošetřovatelství | profesorka dietetiky | profesor dietetiky | přednášející v oboru ošetřovatelství | profesor ošetřovatelství | vysokoškolský asistent patologie | docent geriatrie | učitelka embryologie | učitelka pediatrie | přednášející v oboru pediatrie | vysokoškolská asistentka ortopedie | učitel zdravotní péče | docentka geriatrie | učitelka ošetřovatelství | vysokoškolský asistent zdravotní péče | profesorka geriatrie | profesor zdravotní péče | přednášející v oboru dietetiky | přednášející v oboru geriatrie | docent pediatrie | docent zdravotní péče | vysokoškolská asistentka zdravotní péče | profesor pediatrie | profesorka zdravotní péče | učitelka dietetiky | vysokoškolská asistentka patologie | vysokoškolský asistent pediatrie | vysokoškolský asistent ošetřovatelství | učitel geriatrie | docent ošetřovatelství | vysokoškolská asistentka embryologie | profesorka patologie | vysokoškolská asistentka dietetiky | učitelka patologie | profesor embryologie | vysokoškolská asistentka ošetřovatelství | vysokoškolský asistent dietetiky | učitel patologie | učitelka geriatrie | učitel dietetiky | docentka embryologie | docentka zdravotní péče | docentka patologie | vysokoškolský asistent embryologie | učitel pediatrie | učitel ošetřovatelství | profesor patologie | učitelka ortopedie | docent dietetiky | učitel embryologie | profesorka ošetřovatelství | profesorka embryologie | docentka pediatrie | docent ortopedie | přednášející v oboru pedagogiky,"Přednášející v oboru zdravotní péče jsou profesoři, učitelé nebo přednášející a často lékaři vyučující studenty, kteří získali diplom vyššího sekundárního vzdělání, ve svém specializovaném oboru zdravotní péče, jenž má převážně akademickou povahu. Spolupracují s odbornými asistenty zaměřenými na výzkum či výuku při přípravě přednášek a zkoušek, známkování testů a zkoušek, vedení laboratorních cvičení a vedení pohovorů zaměřených na hodnocení a zpětnou vazbu pro studenty. Provádějí rovněž akademický výzkum ve své specializaci zdravotní péče, zveřejňují svá zjištění a spolupracují s ostatními vysokoškolskými kolegy.",http://data.europa.eu/esco/occupation/684fd8d5-9b40-4b02-a680-438f0082d923,vysokoškolský učitel/vysokoškolská učitelka
Occupation,http://data.europa.eu/esco/occupation/b5d1912e-89c7-4a66-ab96-0dc5f4f6c426,imunolog/imunoložka,released,imunolog | imunoložka,"Imunologové zkoumají imunitní systém živých organismů (např. lidského těla) a způsob jeho reakce na vnější infekce nebo invazivní škodlivé látky (např. viry, bakterie, parazity). Zaměřují se na onemocnění, která mají vliv na imunologii živých organismů s cílem klasifikovat je pro léčbu.",http://data.europa.eu/esco/isco/C2131,"Biologové, botanici, zoologové a specialisté v příbuzných oborech"
Occupation,http://data.europa.eu/esco/occupation/b65133db-b3de-44d1-88fa-1d3deda08245,přednášející v oboru právo,released,,"Přednášející v oboru právo jsou profesoři, učitelé nebo přednášející vyučující studenty, kteří získali diplom vyššího sekundárního vzdělání, ve specializovaném studijním oboru právo, jenž má převážně akademickou povahu. Spolupracují s odbornými asistenty zaměřenými na výzkum či výuku při přípravě přednášek a zkoušek, známkování testů a zkoušek a vedení pohovorů zaměřených na hodnocení a zpětnou vazbu pro studenty. Provádějí rovněž akademický výzkum v oboru právo, zveřejňují svá zjištění a spolupracují s ostatními vysokoškolskými kolegy.",http://data.europa.eu/esco/occupation/684fd8d5-9b40-4b02-a680-438f0082d923,vysokoškolský učitel/vysokoškolská učitelka
Occupation,http://data.europa.eu/esco/occupation/b73c752b-9858-4f53-82de-f3a340cbcae9,epidemiolog/epidemioložka,released,epidemiolog | epidemioložka,Epidemiologové zaměřují svůj výzkum na původ a příčiny nemocí u lidí. Určují způsob šíření nemocí a navrhují opatření k prevenci rizik orgánům působícím v oblasti zdravotní politiky.,http://data.europa.eu/esco/occupation/eee68e13-8248-43bb-a9fb-959832a6c217,biolog/bioložka
Occupation,http://data.europa.eu/esco/occupation/b79cfd33-6e46-4b71-b180-c9a84422f047,seismolog/seismoložka,released,seismolog | seismoložka,"Seismologové zkoumají pohyb tektonických desek Země, které způsobují šíření seismických vln a zemětřesení. Zkoumají a pozorují různé zdroje, které způsobují zemětřesení, jako je sopečná činnost, atmosférické jevy nebo chování oceánů. Sdělují své vědecké poznatky s cílem zabránit nebezpečí pro stavby a infrastrukturu.",http://data.europa.eu/esco/occupation/c6196b21-20f9-4608-83fb-6f143afc740d,geolog/geoložka
Occupation,http://data.europa.eu/esco/occupation/bac64fa2-dcd6-47bb-8e5c-04e04a86a199,geograf/geografka,released,geograf specialista | geografka specialistka,"Geografové jsou akademičtí pracovníci, kteří studují lidské osídlení a přírodní geografii. V závislosti na své specializaci studují politické, ekonomické a kulturní aspekty lidstva v rámci lidského osídlení. Kromě toho studují pozemní útvary, půdy, přírodní hranice a vodní toky obsažené v rámci přírodní geografie.",http://data.europa.eu/esco/isco/C2632,"Sociologové, antropologové a specialisté v příbuzných oborech"
Occupation,http://data.europa.eu/esco/occupation/bb609566-3ab6-44dd-8f48-cf0b15b96827,inženýr automatizace/inženýrka automatizace,released,inženýrka automatizace | inženýr automatizace,"Inženýři automatizace zkoumají, navrhují a vyvíjejí aplikace a systémy automatizace výrobního procesu. Provádějí technologie a pokud to je možné, snižují podíl lidské práce pro dosažení plného potenciálu průmyslové robotiky. Inženýři automatizace dohlížejí na celý proces a zajišťují bezpečný a hladký chod všech systémů.",http://data.europa.eu/esco/occupation/d7380260-1386-4e36-98b5-8115ca4a3536,technolog výroby/technoložka výroby
Occupation,http://data.europa.eu/esco/occupation/bc659adc-f42c-4ef6-89fe-fd030033f446,kosmolog/kosmoložka,released,odborník v odvětví kosmologie | kosmolog | odbornice v odvětví kosmologie | kosmoložka,"Kosmologové se zaměřují na zkoumání vesmíru jako celku, zkoumají jeho původ, vývoj a konečný osud. Ke sledování a zkoumání jiných galaxií a astronomických objektů, jako jsou hvězdy, černé díry, planety a další nebeská tělesa, používají přístroje a vědecké nástroje.",http://data.europa.eu/esco/isco/C2111,Fyzikové a astronomové
Occupation,http://data.europa.eu/esco/occupation/be3c021d-bd93-45a0-ad32-e8fa8e0d17ef,přednášející moderních jazyků,released,docentka moderních jazyků | učitel moderních jazyků | profesor moderních jazyků | profesorka moderních jazyků | docent moderních jazyků | učitelka moderních jazyků,"Přednášející moderních jazyků jsou profesoři, učitelé nebo přednášející vyučující studenty, kteří získali diplom vyššího sekundárního vzdělání, ve specializovaném studijním oboru moderní jazyky, jenž má převážně akademickou povahu. Spolupracují s odbornými asistenty zaměřenými na výzkum či výuku při přípravě přednášek a zkoušek, známkování testů a zkoušek a vedení pohovorů zaměřených na hodnocení a zpětnou vazbu pro studenty. Provádějí rovněž akademický výzkum v oboru moderní jazyky, zveřejňují svá zjištění a spolupracují s ostatními vysokoškolskými kolegy.",http://data.europa.eu/esco/occupation/684fd8d5-9b40-4b02-a680-438f0082d923,vysokoškolský učitel/vysokoškolská učitelka
Occupation,http://data.europa.eu/esco/occupation/bfc92738-128b-44f5-92d4-51b10df17961,filozof/filozofka,released,filozofka | filozof,"Filozofové studují a polemizují nad obecnými a strukturálními problémy společnosti, lidí a jednotlivců. Mají dobře rozvinuté racionální a argumentační schopnosti a iniciují diskuse týkající se existence, hodnotových systémů, vědění či skutečnosti. V diskusi se uchylují k logice s cílem dobrat se podstaty a abstrahovat své poznatky.",http://data.europa.eu/esco/isco/C2633,"Filozofové, historici a politologové"
Occupation,http://data.europa.eu/esco/occupation/bff7e8a3-6206-4d38-b25f-fcb6e634c7af,přednášející v oboru archeologie,released,,"Přednášející v oboru archeologie jsou profesoři, učitelé nebo přednášející vyučující studenty, kteří získali diplom vyššího sekundárního vzdělání, ve specializovaném studijním oboru archeologie, jenž má převážně akademickou povahu. Spolupracují s odbornými asistenty zaměřenými na výzkum či výuku při přípravě přednášek a zkoušek, známkování testů a zkoušek a vedení pohovorů zaměřených na hodnocení a zpětnou vazbu pro studenty. Provádějí také akademický výzkum v oboru archeologie, zveřejňují svá zjištění a spolupracují s ostatními vysokoškolskými kolegy.",http://data.europa.eu/esco/occupation/684fd8d5-9b40-4b02-a680-438f0082d923,vysokoškolský učitel/vysokoškolská učitelka
Occupation,http://data.europa.eu/esco/occupation/c25b3700-6095-42b7-99fc-b87dc326c044,vědecký pracovník v zemědělství/vědecká pracovnice v zemědělství,released,vědecká pracovnice v zemědělství | vědecký pracovník v zemědělství,"Vědečtí pracovníci v zemědělství zkoumají půdu, zvířata a rostliny a provádějí související výzkum s cílem zlepšit zemědělské procesy, jakost zemědělských produktů nebo dopad zemědělských procesů na životní prostředí. Jménem klientů či institucí plánují a provádějí projekty, jako jsou projekty rozvoje.",http://data.europa.eu/esco/isco/C2132,"Specialisté v oblasti zemědělství, lesnictví a rybářství"
Occupation,http://data.europa.eu/esco/occupation/c262bb96-03bb-4c97-a45b-0cf36db5b048,vysokoškolský asistent/vysokoškolská asistentka,released,vysokoškolská asistentka | vysokoškolský asistent,"Vysokoškolští asistenti se podílejí na pracovních úkolech vysokoškolských nebo univerzitních přednášejících, zejména v rámci přednášek pro studenty. Připravují vyučování, vyučují a setkávají se se studenty na soukromých konzultacích. Rovněž kombinují své přednášky a jiné akademické úkoly s prováděním vlastního výzkumu ve svém studijním oboru. Přestože název povolání vyvolává dojem podřízenosti, vysokoškolští asistenti zastávají autonomní pozici na plný úvazek.",http://data.europa.eu/esco/occupation/684fd8d5-9b40-4b02-a680-438f0082d923,vysokoškolský učitel/vysokoškolská učitelka
Occupation,http://data.europa.eu/esco/occupation/c3b82711-273d-4fa8-8de7-0ac3d99c16fc,přednášející v oboru počítačové vědy,released,přednášející v oboru informatika,"Přednášející v oboru počítačové vědy jsou profesoři, učitelé nebo přednášející vyučující studenty, kteří získali diplom vyššího sekundárního vzdělání, ve specializovaném studijním oboru počítačové vědy, jenž má převážně akademickou povahu. Spolupracují s odbornými asistenty zaměřenými na výzkum či výuku při přípravě přednášek a zkoušek, známkování testů a zkoušek a vedení pohovorů zaměřených na hodnocení a zpětnou vazbu pro studenty. Provádějí rovněž akademický výzkum ve svém oboru počítačové vědy, zveřejňují svá zjištění a spolupracují s ostatními vysokoškolskými kolegy.",http://data.europa.eu/esco/occupation/684fd8d5-9b40-4b02-a680-438f0082d923,vysokoškolský učitel/vysokoškolská učitelka
Occupation,http://data.europa.eu/esco/occupation/c549f0de-c415-428e-865c-973bcd224b39,pedagogický pracovník v oboru lingvistiky/pedagogická pracovnice v oboru lingvistiky,released,profesor lingvistiky | profesorka aplikované lingvistiky | pedagogický pracovník v oboru lingvistiky | profesorka lingvistiky | pedagogická pracovnice v oboru lingvistiky | profesor aplikované lingvistiky,"Pedagogičtí pracovníci v oboru lingvistiky jsou profesoři, učitelé nebo přednášející vyučující studenty, kteří získali diplom vyššího sekundárního vzdělání, ve specializovaném studijním oboru lingvistika, jenž má převážně akademickou povahu. Spolupracují s odbornými asistenty zaměřenými na výzkum či výuku při přípravě přednášek a zkoušek, známkování testů a zkoušek a vedení pohovorů zaměřených na hodnocení a zpětnou vazbu pro studenty. Provádějí rovněž akademický výzkum v oboru lingvistika, zveřejňují svá zjištění a spolupracují s ostatními vysokoškolskými kolegy.",http://data.europa.eu/esco/occupation/684fd8d5-9b40-4b02-a680-438f0082d923,vysokoškolský učitel/vysokoškolská učitelka
Occupation,http://data.europa.eu/esco/occupation/c593ded7-2e97-44a5-a5f3-f6115ff98233,přednášející v oboru politologie,released,,"Přednášející v oboru politologie jsou profesoři, učitelé nebo přednášející vyučující studenty, kteří získali diplom vyššího sekundárního vzdělání, ve specializovaném studijním oboru politologie, jenž má převážně akademickou povahu. Spolupracují s odbornými asistenty zaměřenými na výzkum či výuku při přípravě přednášek a zkoušek, známkování testů a zkoušek a vedení pohovorů zaměřených na hodnocení a zpětnou vazbu pro studenty. Provádějí rovněž akademický výzkum v oboru politologie, zveřejňují svá zjištění a spolupracují s ostatními vysokoškolskými kolegy.",http://data.europa.eu/esco/occupation/684fd8d5-9b40-4b02-a680-438f0082d923,vysokoškolský učitel/vysokoškolská učitelka
Occupation,http://data.europa.eu/esco/occupation/c6196b21-20f9-4608-83fb-6f143afc740d,geolog/geoložka,released,geoložka | geolog,"Geologové zkoumají materiály, které tvoří zemský povrch. Jejich pozorování závisí na účelu výzkumu. V závislosti na své specializaci geologové zkoumají, jak byla Země utvářena v průběhu času, její geologické vrstvy, kvalitu nerostných surovin pro těžební účely, zemětřesení a sopečnou činnost pro soukromé služby a podobné jevy.",http://data.europa.eu/esco/isco/C2114,Geologové a geofyzici
Occupation,http://data.europa.eu/esco/occupation/c8fa93eb-7c2c-42c3-b135-c2e825a6615e,zkušební inženýr/zkušební inženýrka,released,zkušební inženýr | zkušební inženýrka,"Zkušební inženýři plánují a provádějí podrobné zkoušky kvality v různých fázích navrhování, aby bylo zajištěno, že systémy jsou řádně instalovány a fungují správně. Analyzují údaje shromážděné během zkoušek a vypracovávají zprávy. Odpovídají rovněž za bezpečnost zkušebních operací.",http://data.europa.eu/esco/isco/C2149,Specialisté v oblasti techniky (kromě elektrotechniky) jinde neuvedení
Occupation,http://data.europa.eu/esco/occupation/c90a6ebe-adcc-4395-9f5b-ff3e96e93cef,přednášející v oboru religionistika,released,,"Přednášející v oboru religionistika jsou profesoři, učitelé nebo přednášející vyučující studenty, kteří získali diplom vyššího sekundárního vzdělání, ve specializovaném studijním oboru teologie, jenž má převážně akademickou povahu. Spolupracují s odbornými asistenty zaměřenými na výzkum či výuku při přípravě přednášek a zkoušek, známkování testů a zkoušek a vedení pohovorů zaměřených na hodnocení a zpětnou vazbu pro studenty. Provádějí rovněž akademický výzkum v oboru teologie, zveřejňují svá zjištění a spolupracují s ostatními vysokoškolskými kolegy.",http://data.europa.eu/esco/occupation/684fd8d5-9b40-4b02-a680-438f0082d923,vysokoškolský učitel/vysokoškolská učitelka
Occupation,http://data.europa.eu/esco/occupation/d7d986e1-7333-431b-9719-0c5c6939e360,stavební inženýr/stavební inženýrka,released,stavební inženýr | projektant | projektantka | stavební inženýrka,"Stavební inženýři navrhují, plánují a vyvíjejí technické a inženýrské specifikace pro projekty infrastruktury a stavební projekty. Uplatňují technické znalosti v širokém spektru projektů, od výstavby infrastruktury pro dopravu, projekty bydlení a luxusní budovy až po výstavbu přírodních lokalit. Navrhují plány, jejichž cílem je optimalizovat materiály a začlenit specifikace a přidělování zdrojů v rámci časových omezení.",http://data.europa.eu/esco/isco/C2142,Stavební inženýři
Occupation,http://data.europa.eu/esco/occupation/dab9c6dd-8efb-4fe2-8b10-477ef2bcfd8b,přednášející v oboru matematika,released,,"Přednášející v oboru matematika vyučují studenty, kteří získali diplom vyššího sekundárního vzdělání, ve specializovaném studijním oboru matematika, jenž má převážně akademickou povahu. Spolupracují s odbornými asistenty zaměřenými na výzkum či výuku při přípravě přednášek a zkoušek, známkování testů a zkoušek a vedení pohovorů zaměřených na hodnocení a zpětnou vazbu pro studenty. Provádějí rovněž akademický výzkum v oboru matematika, zveřejňují svá zjištění a spolupracují s ostatními vysokoškolskými kolegy.",http://data.europa.eu/esco/occupation/684fd8d5-9b40-4b02-a680-438f0082d923,vysokoškolský učitel/vysokoškolská učitelka
Occupation,http://data.europa.eu/esco/occupation/e14548c8-c2b9-4ef8-8670-d5967d7ad804,urbanista/urbanistka,released,chytrý městský plánovač | urbanista | urbanistka,"Urbanisté vytvářejí plány rozvoje měst, městských oblastí, měst a regionů. Zkoumají potřeby (ekonomické, sociální, dopravní) obce nebo regionu a hodnotí další parametry, jako je udržitelnost, s cílem předložit solidní programy zaměřené na zlepšení dané lokality.",http://data.europa.eu/esco/isco/C2164,Specialisté v oblasti územního a dopravního plánování
Occupation,http://data.europa.eu/esco/occupation/e3229e40-f571-4b26-baca-29edc8fe313e,počítačový výzkumný pracovník/počítačová výzkumná pracovnice,released,IT výzkumný pracovník | počítačová výzkumná pracovnice | výzkumná pracovnice pro ICT | výzkumný pracovník pro ICT | IT výzkumná pracovnice | počítačový vědec | počítačový výzkumný pracovník | počítačová vědkyně,"Počítačoví výzkumní pracovníci provádějí výzkum v oblasti výpočetní a informační vědy se zaměřením na lepší poznání a pochopení základních aspektů ICT. Vypracovávají zprávy a návrhy v oblasti výzkumu. Počítačoví výzkumní pracovníci rovněž navrhují nové přístupy k výpočetní technologii, hledají inovativní způsoby využití stávajících technologií a studií a řeší složité problémy v oblasti výpočetní techniky.",http://data.europa.eu/esco/isco/C2511,Systémoví analytici
Occupation,http://data.europa.eu/esco/occupation/e3cc09ba-7ad5-4411-940c-20613000863a,ochránce životního prostředí/ ochránkyně životního prostředí,released,ochranářka | ochranář | ochránkyně životního prostředí | ochránce životního prostředí,"Ochránci životního prostředí řídí kvalitu konkrétních lesů, parků a dalších přírodních zdrojů. Chrání přírodní stanoviště, biologickou rozmanitost, hodnotu krajiny a další jedinečné vlastnosti chráněných území. Ochránci životního prostředí vykonávají práci v terénu.",http://data.europa.eu/esco/isco/C2133,Specialisté v oblasti ochrany životního prostředí (kromě průmyslové ekologie)
Occupation,http://data.europa.eu/esco/occupation/e74513c3-8ba8-462f-978c-0450522f4427,přednášející v oboru chemie,released,,"Přednášející v oboru chemie jsou profesoři, učitelé nebo přednášející vyučující studenty, kteří získali diplom vyššího sekundárního vzdělání, ve specializovaném studijním oboru chemie, jenž má převážně akademickou povahu. Spolupracují s odbornými asistenty zaměřenými na výzkum či výuku při přípravě přednášek a zkoušek, vedení laboratorních cvičení, při zkouškách, známkování testů a vedení pohovorů zaměřených na hodnocení a zpětnou vazbu pro studenty. Provádějí rovněž akademický výzkum v oboru chemie, zveřejňují svá zjištění a spolupracují s ostatními vysokoškolskými kolegy.",http://data.europa.eu/esco/occupation/684fd8d5-9b40-4b02-a680-438f0082d923,vysokoškolský učitel/vysokoškolská učitelka
Occupation,http://data.europa.eu/esco/occupation/e9f50268-4dab-4579-90c2-2ff219eb56f1,přednášející v oboru inženýrství,released,,"Přednášející v oboru inženýrství jsou profesoři, učitelé nebo přednášející vyučující studenty, kteří získali diplom vyššího sekundárního vzdělání, ve specializovaném studijním oboru inženýrství, jenž má převážně akademickou povahu. Spolupracují s odbornými asistenty zaměřenými na výzkum či výuku při přípravě přednášek a zkoušek, známkování testů a zkoušek, vedení laboratorních cvičení a vedení pohovorů zaměřených na hodnocení a zpětnou vazbu pro studenty. Provádějí rovněž akademický výzkum v oboru inženýrství, zveřejňují svá zjištění a spolupracují s ostatními vysokoškolskými kolegy.",http://data.europa.eu/esco/occupation/684fd8d5-9b40-4b02-a680-438f0082d923,vysokoškolský učitel/vysokoškolská učitelka
Occupation,http://data.europa.eu/esco/occupation/eee68e13-8248-43bb-a9fb-959832a6c217,biolog/bioložka,released,bioložka | biolog,"Biologové zkoumají živé organismy a život v širším rozsahu ve spojení s prostředím těchto organismů. Prostřednictvím výzkumu usilují o vysvětlení funkčních mechanismů, interakcí a vývoje organismů.",http://data.europa.eu/esco/isco/C2131,"Biologové, botanici, zoologové a specialisté v příbuzných oborech"
Occupation,http://data.europa.eu/esco/occupation/f3d8bc61-f812-4106-afd2-a356e4c11fce,vědecký pracovník v oboru literatura/vědecká pracovnice v oboru literatura,released,vědecká pracovnice v oboru literatura | literární vědkyně | vědecký pracovník v oboru literatura | literární vědec,"Literární badatelé zkoumají literární díla, historii, žánry a literární kritiku za účelem vyhodnocení děl a souvisejících aspektů ve vhodných souvislostech a vypracování výsledků výzkumu konkrétních témat v oblasti literatury.",http://data.europa.eu/esco/isco/C2641,Spisovatelé a pracovníci v příbuzných oborech
Occupation,http://data.europa.eu/esco/occupation/f3e23761-0663-4ae0-97a2-0b2dd3fa38a1,biochemický inženýr/biochemická inženýrka,released,biochemická inženýrka | inženýr biochemie | biochemický inženýr | inženýrka biochemie,"Biochemičtí inženýři provádějí výzkum v oblasti věd o živé přírodě a usilují o nové objevy. Přeměňují tato zjištění v chemická řešení, která mohou zlepšit životní podmínky společnosti, jako jsou očkovací látky, opravy tkání, zlepšení plodin a pokrok v oblasti ekologických technologií, jako jsou čistší paliva z přírodních zdrojů.",http://data.europa.eu/esco/occupation/ec21ce88-ce14-49b6-be0a-cc53cf5a3a67,inženýr chemie/inženýrka chemie
Occupation,http://data.europa.eu/esco/occupation/fa5b9075-3796-4e86-be0a-b5e6d725c25a,metrolog/metroložka,released,metrolog | metroložka,"Metrologové zkoumají a praktikují metrologii (vědu o měření). Vyvíjejí množstevní systémy, jednotky a metody měření pro použití ve vědě. Metrologové zavádějí nové metody a nástroje k určení množství a lepšímu pochopení informací.",http://data.europa.eu/esco/isco/C2112,Meteorologové
Occupation,http://data.europa.eu/esco/occupation/fbc9ab3e-18f1-4b7b-8cd5-d6374ed5e9a9,učitel klasických jazyků/učitelka klasických jazyků,released,učitelka klasických jazyků | profesorka klasických jazyků | univerzitní lektorka klasických jazyků | univerzitní lektor klasických jazyků | učitel řečtiny a latiny | učitelka řečtiny a latiny | profesor klasických jazyků | učitel klasických jazyků,"Učitelé klasických jazyků jsou profesoři, učitelé nebo přednášející vyučující studenty, kteří získali diplom vyššího sekundárního vzdělání, ve specializovaném studijním oboru klasické jazyky, jenž má převážně akademickou povahu. Spolupracují s odbornými asistenty zaměřenými na výzkum či výuku při přípravě přednášek a zkoušek, známkování testů a zkoušek a vedení pohovorů zaměřených na hodnocení a zpětnou vazbu pro studenty. Provádějí rovněž akademický výzkum v oboru klasické jazyky, zveřejňují svá zjištění a spolupracují s ostatními vysokoškolskými kolegy.",http://data.europa.eu/esco/occupation/684fd8d5-9b40-4b02-a680-438f0082d923,vysokoškolský učitel/vysokoškolská učitelka
Occupation,http://data.europa.eu/esco/occupation/ff656b3a-65a8-4b4f-b04e-9db12936519b,demograf/demografka,released,demograf | demografka,"Demografové zkoumají řadu parametrů týkajících se populace. Na základě svého pozorování vypracovávají statistické analýzy vývoje a změn týkajících se porodnosti, starších osob, manželství a rozvodů, zaměstnání, úmrtnosti, přistěhovalectví a souvisejících záležitostí.",http://data.europa.eu/esco/isco/C2120,"Specialisté v oblasti matematiky, statistiky a pojistné matematiky"
